mu1,mu2,nx,alpha1_val,alpha2_val,max_abs_spatial_err,max_abs_antisym_err,max_abs_angle_err,rmse_angle,r2_angle,ratio_mean,ratio_std
1.0,2.0,256,0.5411648364632893,0.6769686590055961,1.1102230246251565e-16,0.0,1.1102230246251565e-16,5.93103697490213e-17,1.0,0.5382623575478762,6.842576890361846e-13
