mu1,mu2,nx,alpha1_val,alpha2_val,max_abs_spatial_err,max_abs_antisym_err,max_abs_angle_err,rmse_angle,r2_angle,ratio_mean,ratio_std
1.0,2.0,256,0.5005511146207304,0.7779748776835492,2.220446049250313e-16,0.0,3.3306690738754696e-16,1.513509249046451e-16,1.0,0.6265320855781996,6.33550734981715e-13
