profile,a_1_over_Teff,b,R2,Teff,mean_jump_rate,mean_Lambda_w,mean_Coh_ptr_w
oscillating,1.7745327314062953,0.028031135085707877,0.044226953623199394,0.563528630552513,0.003875,-0.010686117982249041,0.10264598004089551
