mu1,mu2,nx,alpha1_val,alpha2_val,max_abs_spatial_err,max_abs_antisym_err,max_abs_angle_err,rmse_angle,r2_angle,ratio_mean,ratio_std
1.0,2.0,256,0.6534471009089258,1.1743437169966244,1.1102230246251565e-16,0.0,1.6653345369377348e-16,6.621852008249158e-17,1.0,0.47191129168615026,5.196052610018815e-13
