term,value
intercept,1.563743463625316
lm_w1_times_delta_alpha,6.253200140694291
delta_alpha,-7.2360143261121435
lambda_w_g2_mean,16.95090099308905
