a_1_over_Teff_global_from_Shor,b_global_Shor,r2_global_Shor,mean_jump,mean_Lambda_w
0.6151356451747091,0.002187114912402089,0.22508813401766858,0.003936079545454546,-0.024271590678564492
