term,value
intercept,2.04926797596306
lm_w1_times_delta_alpha,0.4040598949245588
delta_alpha,-3.6996710187781052
lambda_w_g2_mean,2.0191360715440023
