K_layers,dmu,Lambda_numerical,Lambda_theory,rel_error,rel_error_pct
4,0.6212859544260656,0.26968014049907296,0.2696801404990729,2.0584070865777546e-16,2.0584070865777546e-14
8,0.3106429772130328,0.26968014049907296,0.2696801404990729,2.0584070865777546e-16,2.0584070865777546e-14
16,0.1553214886065164,0.26968014049907296,0.2696801404990729,2.0584070865777546e-16,2.0584070865777546e-14
32,0.0776607443032582,0.26968014049907296,0.2696801404990729,2.0584070865777546e-16,2.0584070865777546e-14
64,0.0388303721516291,0.26968014049907285,0.2696801404990729,2.0584070865777546e-16,2.0584070865777546e-14
128,0.01941518607581455,0.269680140499073,0.2696801404990729,4.116814173155509e-16,4.116814173155509e-14
