mu1,mu2,nx,alpha1_val,alpha2_val,max_abs_spatial_err,max_abs_antisym_err,max_abs_angle_err,rmse_angle,r2_angle,ratio_mean,ratio_std
1.0,2.0,96,0.422463888320229,0.8632141401747153,5.551115123125783e-17,0.0,8.326672684688674e-17,3.6947108507971605e-17,1.0,0.19082174097755247,1.6120422571230426e-13
