mu1,mu2,nx,alpha1_val,alpha2_val,max_abs_spatial_err,max_abs_antisym_err,max_abs_angle_err,rmse_angle,r2_angle,ratio_mean,ratio_std
1.0,2.0,128,0.3974598945231286,0.5517873712752664,1.1102230246251565e-16,0.0,1.1102230246251565e-16,5.2199851780805686e-17,1.0,0.42064473178812817,4.631702228232928e-13
