a_1_over_Teff_global_from_Shor,b_global_Shor,r2_global_Shor,mean_jump,mean_Lambda_w
0.7082379554697104,0.0020657552224211716,0.29894863989961284,0.003984375000000001,-0.024271590678564492
