term,value
intercept,1.3613655861584322
lm_w1_times_delta_alpha,2.725388647612428
delta_alpha,-4.344187473047944
lambda_w_g2_mean,23.263379694099832
