term,value
intercept,2.1164657986641315
lm_w1_times_delta_alpha,6.081558551859134
delta_alpha,-8.085523473510088
lambda_w_g2_mean,16.218117726844945
