profile,a_1_over_Teff,b,R2,Teff,mean_jump_rate,mean_Lambda_w,mean_Coh_ptr_w
oscillating,0.8381711385404184,0.018365587273365413,0.010153887253200877,1.1930737698048022,0.0030208333333333337,0.023699385319121923,0.07069719505460093
