mu1,mu2,nx,alpha1_val,alpha2_val,max_abs_spatial_err,max_abs_antisym_err,max_abs_angle_err,rmse_angle,r2_angle,ratio_mean,ratio_std
1.0,2.0,120,0.2722429099720004,0.6738826161801265,2.220446049250313e-16,0.0,2.220446049250313e-16,7.646373005539498e-17,1.0,0.5535142293803148,5.341044724962928e-13
