a_1_over_Teff_global_from_Shor,b_global_Shor,r2_global_Shor,mean_jump,mean_Lambda_w
0.635240105423157,0.0021542990024344126,0.2612698678862815,0.004005681818181819,-0.024271590678564492
