mu1,mu2,nx,alpha1_val,alpha2_val,max_abs_spatial_err,max_abs_antisym_err,max_abs_angle_err,rmse_angle,r2_angle,ratio_mean,ratio_std
1.0,2.0,120,0.3412181127654638,0.5807581780219451,2.220446049250313e-16,0.0,2.220446049250313e-16,1.140823059275651e-16,1.0,0.5214555934668459,5.031690503232569e-13
