a_1_over_Teff_global_from_Shor,b_global_Shor,r2_global_Shor,mean_jump,mean_Lambda_w
0.6593854700061097,0.0021047569315605142,0.2507842142855772,0.0040014204545454546,-0.024271590678564492
