epsilon,a_1_over_Teff_from_Shor,r2_Shor,b_Shor,mean_jump,mean_Lambda_w,mean_Coh_ptr_w
0.05,0.2769474876324699,0.017058741435323488,0.0028053707336404775,0.0040170454545454546,-0.024271590678564492,0.9704194543754648
