term,value
intercept_base,8.716777345856902e-14
ctrl_base,-0.2213631091263193
intercept_full,0.0022973847079803666
ctrl_full,-0.2206744263320804
lambda_full,-1451.2164823166006
