profile,a_1_over_Teff,b,R2,Teff,mean_jump_rate,mean_Lambda_w,mean_Coh_ptr_w
oscillating,-2.2525325978331514,0.03894035238796617,0.013337823480233268,-0.4439447406718824,0.004104938271604939,0.028902050204349085,0.08990513059413187
