a_1_over_Teff_global_from_Shor,b_global_Shor,r2_global_Shor,mean_jump,mean_Lambda_w
0.6025655151490779,0.002178899141824936,0.22647724195166663,0.003953125,-0.024271590678564492
