a_1_over_Teff_global_from_Shor,b_global_Shor,r2_global_Shor,mean_jump,mean_Lambda_w
0.6159108635363435,0.0021729007564385136,0.23676196963742713,0.00392471590909091,-0.024271590678564492
