mu1,mu2,nx,alpha1_val,alpha2_val,max_abs_spatial_err,max_abs_antisym_err,max_abs_angle_err,rmse_angle,r2_angle,ratio_mean,ratio_std
1.0,2.0,120,0.288114708944549,0.6636031871615502,2.220446049250313e-16,0.0,2.220446049250313e-16,9.158452835692403e-17,1.0,0.5497515936987081,5.304601436243307e-13
