a_1_over_Teff_global_from_Shor,b_global_Shor,r2_global_Shor,mean_jump,mean_Lambda_w
0.6824413571065664,0.002115667279207197,0.25275419661359,0.003943181818181819,-0.024271590678564492
