profile,a_1_over_Teff,b,R2,Teff,mean_jump_rate,mean_Lambda_w,mean_Coh_ptr_w
oscillating,3.2254483175374355,0.017399455123405218,0.005523016074588938,0.31003442050607083,0.002294642857142857,0.022625444811536756,0.000883833410269267
