a_1_over_Teff_global_from_Shor,b_global_Shor,r2_global_Shor,mean_jump,mean_Lambda_w
0.683897045027185,0.0020875850782105044,0.2836760366608556,0.003948863636363637,-0.024271590678564492
