mu1,mu2,nx,alpha1_val,alpha2_val,max_abs_spatial_err,max_abs_antisym_err,max_abs_angle_err,rmse_angle,r2_angle,ratio_mean,ratio_std
1.0,2.0,120,0.11672564709063848,0.8794027187692401,2.220446049250313e-16,0.0,3.3306690738754696e-16,1.5343038307808604e-16,1.0,0.7364974066098335,7.106760830885023e-13
