mu1,mu2,nx,alpha1_val,alpha2_val,max_abs_spatial_err,max_abs_antisym_err,max_abs_angle_err,rmse_angle,r2_angle,ratio_mean,ratio_std
1.0,2.0,120,0.2897694321649273,0.7138774648223007,1.1102230246251565e-16,0.0,2.220446049250313e-16,8.706860366167737e-17,1.0,0.5352854346622484,5.165038768034611e-13
