eta0,n_runs,frac_coh_better,mean_r2_gap,median_r2_gap,frac_corr_coh_gt_lambda
0.5,60,1.0,0.04098128500765206,0.040888736291472105,1.0
0.9,60,1.0,0.04747850650208159,0.044048543922434125,1.0
1.5,60,1.0,0.05656163223609635,0.0558370091674677,1.0
