a_1_over_Teff_global_from_Shor,b_global_Shor,r2_global_Shor,mean_jump,mean_Lambda_w
0.5963985952099725,0.002180905524473767,0.1900904865428661,0.003910511363636363,-0.024271590678564492
