mu1,mu2,nx,alpha1_val,alpha2_val,max_abs_spatial_err,max_abs_antisym_err,max_abs_angle_err,rmse_angle,r2_angle,ratio_mean,ratio_std
1.0,2.0,120,0.25245508090447644,0.6961003364922983,1.1102230246251565e-16,0.0,2.220446049250313e-16,8.935425745704753e-17,1.0,0.5570568398923852,5.375241164118022e-13
