term,value
intercept_base,8.716777345856902e-14
intercept_full,0.002323877856497743
ctrl_base,-0.2213631091263193
ctrl_full,-0.220846887764562
lambda_full,-1661.1056695004188
