{
  "q_extreme": 0.9,
  "q_tail": 0.1,
  "vorticity_thr": 1.932790840866274e-05,
  "omegaq_thr": 0.00044401731524106996
}