a_1_over_Teff_global_from_Shor,b_global_Shor,r2_global_Shor,mean_jump,mean_Lambda_w
0.6429369265238234,0.0021606257086886254,0.23683799197940125,0.003963068181818182,-0.024271590678564492
