term,value
intercept,2.3098311762740917
lm_w1_times_delta_alpha,6.0539198561342715
delta_alpha,-8.675303386548231
lambda_w_g2_mean,14.288399707207283
