mu1,mu2,nx,alpha1_val,alpha2_val,max_abs_spatial_err,max_abs_antisym_err,max_abs_angle_err,rmse_angle,r2_angle,ratio_mean,ratio_std
1.0,2.0,120,0.3376709903337463,0.7226340081963505,2.220446049250313e-16,0.0,2.220446049250313e-16,8.516061264947068e-17,1.0,0.5630609175954147,5.433154545170362e-13
