n,pearson_r,r2,pearson_p,slope,intercept
4380,0.996309823610614,0.9926332646230128,0.0,0.8605144885288367,3.673551905457496e-08
