mu1,mu2,nx,alpha1_val,alpha2_val,max_abs_spatial_err,max_abs_antisym_err,max_abs_angle_err,rmse_angle,r2_angle,ratio_mean,ratio_std
1.0,2.0,120,0.3708497547485291,0.5435835274142126,2.220446049250313e-16,0.0,1.1102230246251565e-16,7.169467529487281e-17,1.0,0.44600895597875595,4.303623790331744e-13
